{"cameraMode":{"drawMode":0,"name":"Shaded","section":"Shading Mode"},"sceneLighting":false,"audioPlay":false,"sceneViewState":{"m_AlwaysRefresh":false,"showFog":true,"showSkybox":false,"showFlares":true,"showImageEffects":true,"showParticleSystems":true,"showVisualEffectGraphs":true,"m_FxEnabled":true},"in2DMode":false,"pivot":{"x":0.0010390877723693848,"y":0.024779215455055238,"z":-0.0002841055393218994},"rotation":{"x":-0.07570771127939224,"y":0.7504996061325073,"z":-0.08729985356330872,"w":-0.6507434844970703},"size":0.4425753355026245,"orthographic":false}